reviewid|createdat|h_yes|h_no|nickname|rating|review
1921340|"Mon Jun 04 2018 19:23:25 GMT-0700 (Pacific Daylight Time)"|7|22|"Ericka97"|1|"Sit velit voluptatem repudiandae corporis omnis accusantium. Quibusdam sequi id doloremque et voluptatem. Eaque accusantium ducimus dolores nulla est."
1921340|"Mon Jun 04 2018 19:23:25 GMT-0700 (Pacific Daylight Time)"|7|22|"Ericka97"|1|"Sit velit voluptatem repudiandae corporis omnis accusantium. Quibusdam sequi id doloremque et voluptatem. Eaque accusantium ducimus dolores nulla est."
1809931|"Sat Feb 16 2019 08:57:16 GMT-0800 (Pacific Standard Time)"|4|26|"Willa_Schimmel"|1|"Voluptatem est aut id cupiditate omnis et voluptate. Veritatis unde necessitatibus tempora velit ex nostrum nostrum tempore. Eos unde tenetur quo nam animi."
1921340|"Mon Jun 04 2018 19:23:25 GMT-0700 (Pacific Daylight Time)"|7|22|"Ericka97"|1|"Sit velit voluptatem repudiandae corporis omnis accusantium. Quibusdam sequi id doloremque et voluptatem. Eaque accusantium ducimus dolores nulla est."
1809931|"Sat Feb 16 2019 08:57:16 GMT-0800 (Pacific Standard Time)"|4|26|"Willa_Schimmel"|1|"Voluptatem est aut id cupiditate omnis et voluptate. Veritatis unde necessitatibus tempora velit ex nostrum nostrum tempore. Eos unde tenetur quo nam animi."
959330|"Thu Dec 27 2018 05:10:34 GMT-0800 (Pacific Standard Time)"|15|33|"Kaycee.Sauer42"|0|"Ut fugiat dolorum est. Quisquam est alias non quisquam sunt repellat. Ipsum debitis et quia eveniet rerum maxime vel totam cumque. Vitae dolorem sit consequatur deleniti."
1921340|"Mon Jun 04 2018 19:23:25 GMT-0700 (Pacific Daylight Time)"|7|22|"Ericka97"|1|"Sit velit voluptatem repudiandae corporis omnis accusantium. Quibusdam sequi id doloremque et voluptatem. Eaque accusantium ducimus dolores nulla est."
1809931|"Sat Feb 16 2019 08:57:16 GMT-0800 (Pacific Standard Time)"|4|26|"Willa_Schimmel"|1|"Voluptatem est aut id cupiditate omnis et voluptate. Veritatis unde necessitatibus tempora velit ex nostrum nostrum tempore. Eos unde tenetur quo nam animi."
959330|"Thu Dec 27 2018 05:10:34 GMT-0800 (Pacific Standard Time)"|15|33|"Kaycee.Sauer42"|0|"Ut fugiat dolorum est. Quisquam est alias non quisquam sunt repellat. Ipsum debitis et quia eveniet rerum maxime vel totam cumque. Vitae dolorem sit consequatur deleniti."
773177|"Tue Apr 17 2018 00:07:38 GMT-0700 (Pacific Daylight Time)"|22|35|"Shea.Kohler"|1|"Sit totam aliquam nesciunt fuga et fuga dicta incidunt. Alias molestias consequatur ipsam voluptatem quia rerum."
1921340|"Mon Jun 04 2018 19:23:25 GMT-0700 (Pacific Daylight Time)"|7|22|"Ericka97"|1|"Sit velit voluptatem repudiandae corporis omnis accusantium. Quibusdam sequi id doloremque et voluptatem. Eaque accusantium ducimus dolores nulla est."
1809931|"Sat Feb 16 2019 08:57:16 GMT-0800 (Pacific Standard Time)"|4|26|"Willa_Schimmel"|1|"Voluptatem est aut id cupiditate omnis et voluptate. Veritatis unde necessitatibus tempora velit ex nostrum nostrum tempore. Eos unde tenetur quo nam animi."
959330|"Thu Dec 27 2018 05:10:34 GMT-0800 (Pacific Standard Time)"|15|33|"Kaycee.Sauer42"|0|"Ut fugiat dolorum est. Quisquam est alias non quisquam sunt repellat. Ipsum debitis et quia eveniet rerum maxime vel totam cumque. Vitae dolorem sit consequatur deleniti."
773177|"Tue Apr 17 2018 00:07:38 GMT-0700 (Pacific Daylight Time)"|22|35|"Shea.Kohler"|1|"Sit totam aliquam nesciunt fuga et fuga dicta incidunt. Alias molestias consequatur ipsam voluptatem quia rerum."
767483|"Sat Jul 07 2018 12:49:50 GMT-0700 (Pacific Daylight Time)"|26|13|"Trace_Hauck37"|0|"Id impedit omnis doloribus corrupti sequi omnis alias. Dignissimos quis voluptatem ad consectetur iusto et."
